"Order","Name","Title","MediaName"
"1","Cylinder","Cylinder / Round bar","Cylinder"
"2","Hollow Cylinder","Hollow cylinder / Round tube","Hollow Cylinder"
"3","Rectangle Bar","Rectangular prism / Rectangular bar","Rectangle Bar"
"4","Rectangular Tube","Hollow rectangular prism / Rectangular tube","Hollow Rectangle Bar"
"5","Triangle Prism","Triangular prism / Triangle bar","Triangular Prism"
"6","Trapezius Prism","Trapezius prism / Trapezoid bar","Trapezius Prism"
"7","Hexagon Prism","Hexagonal prism / Hexagonal bar","Hexagonal Prism"
"8","Octagonal Prism","Octagonal prism / Octagon bar","Octagonal Prism"
"9","Elliptic Bar","Ellipse prism / Elliptic bar","Elliptic Bar"
"10","Hollow Ellipse Bar","Hollow ellipse prism / Elliptic tube","Hollow Elliptic Bar"
"11","H Profile","Double T / H Profile","H Profile"
"12","C / U Profile","C - U Profile","C Profile"
"13","T Profile","T Profile","T Profile"